title,topic
Diageo buys Ryan Reynolds' Aviation American Gin in deal worth up to $610m,BUSINESS
"Global Glass Screen Protector Market 2020 with Coronavirus/COVID-19 Impact Analysis | likewise Industry is Booming Globaly with Top Players | Tech Armor, BENKS, Mcdodo, ICarez, CJY Tech, L & I, Enicetytech, YDFH",BUSINESS
"‘Silly product’: Thankyou stops producing bottled water, citing environmental damage",BUSINESS
Global Ethylene Glycol Industry,BUSINESS
"Light Source for Machine Vision Market 2020 – Production, Supply, Demand, Ana",BUSINESS
Patient Monitoring and Ultrasound Devices Display market rising demand growth trend insights for next 5 years,BUSINESS
Over 6000 SIA Group staff take no-pay leave to help company cope with Covid-19 crisis,BUSINESS
"Yes, you may still be able to retire one day",BUSINESS
"Comprehensive Research on Retail Krill Oil Sales Market 2020, Covers Detail Analysis (Impact of Covid-19), Share, Size, Future Opportunity in Global Industry Growth, Key Companies- NOW, Kirland, Schiff, Doppel Herz, Noguchi, Webber Naturals, Swisse, and Nowegian Omega 3",BUSINESS
"Co-Diagnostics, Inc. Technology to be Used in FDA-Authorized Self-Collected COVID-19 Saliva Test",BUSINESS
"Cruise Market Growing Popularity & Emerging Trends : Chantiers De l'Atlantique, STX Europe AS, Vard - Press Release",BUSINESS
"This New Crypto Asset Will Trigger DeFi Frenzy, Predicts Head of DTC Capital",BUSINESS
"Europe near three-week high as auto, travel shares surge",BUSINESS
The £2 Aldi cleaning product that shoppers say make your clothes 'smell amazing',BUSINESS
South America Payroll Outsourcing Market Growth – CAGR of 3.7% Report (2020-2029) Focuses on Top Companies | Xerox Corporation and KMC solutions,BUSINESS
US adds 1.8m jobs in July as employment rebound continues,BUSINESS
Nigeria stock market advances by N26bn,BUSINESS
Sky TV offloads outside broadcasting unit to US-owned firm,BUSINESS
These banks are offering lowest interest rates on personal loans,BUSINESS
Schroders becomes first major City firm to make home working permanent,BUSINESS
339 cases now linked to U.S.-grown onion Salmonella outbreak,BUSINESS
"Lord & Taylor, Oldest US Department Store, Files Bankruptcy",BUSINESS
"Diesel cars tumble to low of 1.8% of small car, sedan sales in April-July",BUSINESS
Surface Acoustic Wave(Saw) Filter Industry Market Professional Survey 2020 by Ma,BUSINESS
"Global Submersible Agitator Market 2020 with COVID-19 After Effects | KSB, Stallkamp, TIMSA, Sulzer, Xylem, Aqua Turbo",BUSINESS
"Chlorine Market Research Report by Application, by End User - Global Forecast to 2025 - Cumulative Impact of COVID-19",BUSINESS
'Embarrassingly late': Tesla set to improve authentication in war vs hackers,BUSINESS
Number of new U.S. jobless claims dips below 1M for 1st time during pandemic,BUSINESS
CVR Energy Inc (CVI) Q2 2020 Earnings Call Transcript,BUSINESS
3 Reasons to Buy Moderna Now,BUSINESS
"Chewable Toothbrush Market Gross Margin 2020: Fuzzy Brush, Rolly Brush, Brush-baby",BUSINESS
Electrophysiology Devices Market to Hit USD 9.71 Bn by 2027; Growing Demand for Efficient Diagnostics for Heart Conditions to Favor Market Expansion: Fortune Business Insights™,BUSINESS
New York Times digital business overtakes print for first time,BUSINESS
"S&P 500 futures hit record high on stimulus, tech rally",BUSINESS
Indian Railways fixes major constraint in running trains with HOG technology,BUSINESS
South Korean City of Seongnam to Expand Blockchain based Contactless Payments Platform by Introducing Digital Gift Certificates,BUSINESS
Ex-COO Accuses Pinterest Of Rampant Sexism 08/13/2020,BUSINESS
"Nikola Shares Plunge After Reporting $36,000 In Revenue Installing Solar For Founder",BUSINESS
"Technical View: Nifty forms bullish candle, be cautious with stop below 10,900 on long-side bets",BUSINESS
US STOCKS-S&P 500 muted as stimulus deal remains elusive,BUSINESS
Hedge Funds Are Short on the Dollar for First Time in Two Years,BUSINESS
"Global Elevator Inverter Market 2020: Industry Analysis and Detailed Profiles of Top Key Players Toshiba Corporation, Otis Elevator Company, Mitsubishi Electric Corporation, Schindler Holding Ltd, Hitachi Ltd, Fujitec Co",BUSINESS
"Global Flood Insurance Coronavirus Impact Editon of Insights with COVID-19 Impact Analysis by 2020Allianz, Zurich, Allstate, Tokio Marine, Assurant",BUSINESS
Poorer parts of London and North West set to see highest spikes in unemployment due to Covid-19,BUSINESS
Aviva chief hints at pulling insurer out of international markets,BUSINESS
"Worldwide Automotive Robotics Industry to 2024 - Featuring ABB, Kuka and Fanuc Among Others - ResearchAndMarkets.com",BUSINESS
3 Dividend Stocks Yielding More Than 4% That Are Safe Buys Right Now,BUSINESS
Ontario 'disappointed' in U.S. decision to impose tariffs on aluminum products,BUSINESS
Vodafone-Ideas fate hinges on the Supreme Courts AGR verdict today,BUSINESS
Hedge funds are short on the dollar for first time in two years,BUSINESS
Vogue Williams shares sweet snaps of her husband Spencer Matthews' 32nd birthday party,ENTERTAINMENT
Sarah Jessica Parker dons a boho chic look in a white floral maxi dress while at her shoe store,ENTERTAINMENT
"Local acts in drive-in, virtual performances fill in canceled Arts, Beats & Eats event",ENTERTAINMENT
Dwayne 'the Rock' Johnson is highest-earning male actor,ENTERTAINMENT
Mulan: UK cinemas hit out at 'disappointing' Disney+ release,ENTERTAINMENT
Actor Dwayne Johnson 'The Rock' celebrates firstborn daughter's birthday with her cute baby photo,ENTERTAINMENT
Sushant Singh Rajput case: CBI submits its report to the Supreme Court; here's what they have deducted,ENTERTAINMENT
'Bachelorette’ alum Mike Johnson slams franchise for lack of diversity: ‘It’s atrocious’,ENTERTAINMENT
First Look At The Ruohan Wang x Nike Air Max 90,ENTERTAINMENT
"#BBNaija Day - 19: The Flirtatious Bunch, Setting Boundaries & Finding Comfort",ENTERTAINMENT
Filmatique Review,ENTERTAINMENT
Netflix's 'White Lines' Axed After Just One Season,ENTERTAINMENT
Caitlyn Jenner speaks out about Kanye West's presidential bid: 'He's a really good guy',ENTERTAINMENT
"Sushant Singh Rajput’s friend Kushal Zaveri hits out at Sanjana Sanghi, reveals the actor re-wrote severa",ENTERTAINMENT
Sarah Michelle Gellar Couldn't Stand Her Fake Laugh on 'Buffy the Vampire Slayer',ENTERTAINMENT
BBNaija 2020: Prince tells Tolanibaj he is fed up of the love triangles in the house,ENTERTAINMENT
"Frank ocean brother Ryan Breaux: Paris Brosnan, oda musicians pay tribute to di ogbonge American singer sibling",ENTERTAINMENT
How Many Tattoos Does Shawn Mendes Have?,ENTERTAINMENT
'Radioactive': What Is 'Gone Girl' Star Rosamund Pike's New Amazon Movie About?,ENTERTAINMENT
Raksha Bandhan 2020: 10/10 If You Can Identify The Actress In This Throwback,ENTERTAINMENT
Money Heist La Casa De Papel part 5: The biggest heist comes to an end,ENTERTAINMENT
Nithiin's Negotiations With Nayanthara?..,ENTERTAINMENT
Watch: IU Praises And Thanks B1A4's Sandeul For His Cover Of “Dear Name”,ENTERTAINMENT
Two men charged in 2002 killing of US DJ Jam Master Jay,ENTERTAINMENT
UK Cinemas Begin Selling Tickets For ‘Tenet’; Vue To Reopen All Sites In Time For Nolan Pic,ENTERTAINMENT
INSIDE PHOTOS from Rana Daggubati and Miheeka Bajaj’s Haldi ceremony at the bride-to-be’s place,ENTERTAINMENT
Kourtney Kardashian and ex Scott Disick joke around on vacation at Lake Coeur d'Alene,ENTERTAINMENT
Dave Chappelle apparently brought Louis CK to his socially distant comedy shows in Ohio,ENTERTAINMENT
Davido Given His Honorary Plaque As His Album Hits 1 Billion Streams (Photo),ENTERTAINMENT
Why women called 'Karen' went on TV this morning to talk about their name,ENTERTAINMENT
EastEnders' Adam Woodyatt reported to be taking a break Soaps,ENTERTAINMENT
Is Simbu's Maanaadu dropped? Official statement from producer! - Tamil News,ENTERTAINMENT
Simon Cowell breaks back falling off electric bike in California,ENTERTAINMENT
Irish concert bosses hoping to follow UK lead and host socially distanced gigs,ENTERTAINMENT
"Bowling alleys, casinos and soft play areas reopen as lockdown measures are eased in England",ENTERTAINMENT
Spin Master and Feld Entertainment Inc. Expand Partnership With New Five-Year Licensing Agreement for Supercross,ENTERTAINMENT
Chrissy Teigen debuts baby bump on social media as she confirms third pregnancy,ENTERTAINMENT
"TikTok announces a deal with UnitedMasters, its first music distribution partnership",ENTERTAINMENT
Anne’s 70th birthday marked with three official photographs,ENTERTAINMENT
Kanye West's recent behaviour is a 'nightmare' for Kim Kardashian,ENTERTAINMENT
Gunjan Saxena The Kargil Girl review: A mixed bag,ENTERTAINMENT
Holly Willoughby shares stunning bikini photo in rare holiday pic,ENTERTAINMENT
The Masked Singer's Jackie O reveals show's safety convinced her to go to COVID-stricken Melbourne,ENTERTAINMENT
BBNaija 2020: Ben Bruce reveals his children in Lockdown edition,ENTERTAINMENT
Piers Morgan and wife Celia burgled as they slept at luxury French villa,ENTERTAINMENT
"Declan McKenna, Lovelytheband & More Set For Billboard Live At-Home Concerts: See Schedule",ENTERTAINMENT
Bradley Cooper and Jennifer Garner Were Spotted Getting Flirty at the Beach,ENTERTAINMENT
"'Peninsula’ racks up $48m in 15 countries, tops global box office - The Jakarta Post",ENTERTAINMENT
Rob Kardashian poses shirtless by the pool as he shows off stunning weight loss,ENTERTAINMENT
"Tiger King ""returning for season 2"" - but could Carole Baskin sit this one out?",ENTERTAINMENT
Shielding to protect elderly and vulnerable people in Wales from coronavirus ends,HEALTH
Pasteurising human milk inactivates Covid-19 virus: Study,HEALTH
"Wear a mask, avoid public transport: New government plea",HEALTH
Vital questions remain about the function of microplastics in carrying pathogens,HEALTH
28-year-old coronavirus denier who invested 69,HEALTH
Breast screening women in their 40s 'could save lives',HEALTH
Covid-19 'R' rate rises in some English regions but remains below one in North-east,HEALTH
Genome analysis helps detect 568 genes that drive cancer,HEALTH
We could end the coronavirus by winter if we switch to rapid tests,HEALTH
Earlier Breast Cancer Screening Reduces Risk of Death,HEALTH
Young People Who Smoke And Vape Are More Likely To Get Coronavirus,HEALTH
Coronavirus claimed five lives last week,HEALTH
Spain 'losing 2nd round' in virus fight,HEALTH
Coronavirus: Chinese volunteers willing to take a chance on vaccines outside trials,HEALTH
Type 2 diabetes: Four signs felt in the feet and legs you could have high blood sugar,HEALTH
Birmingham 'can't drop guard' as R-rate more than doubles,HEALTH
"Singapore reports 42 new coronavirus cases, lowest daily count in 4.5 months",HEALTH
"Breast Cancer Industry Market: Growth and Changes Influencing the Industry 2020-2025: GlaxoSmithKline, Oncothyreon Inc, Hospira, Inc., Actavis, Inc., Bipar Scie",HEALTH
Canada has COVID-19 under control but remains on high alert Read more / Skip,HEALTH
Anxious WHO implores world to 'do it all' in long war on coronavirus,HEALTH
US developing strain of coronavirus for future vaccine tests,HEALTH
Push to raise health insurance penalty age,HEALTH
Children who suffer trauma more likely to enter puberty early and age faster,HEALTH
Conflicting advice amid NSW aged outbreak,HEALTH
Patients going back to GPs after lockdown,HEALTH
CDC Finally Reveals How Long Coronavirus Immunity Lasts,HEALTH
Real-life discussions may help counter anti-vaccination influences from social media,HEALTH
A blood test may be an easy way to predict who will benefit from immunotherapy,HEALTH
"Even With a Vaccine, There May Never Be a Silver Bullet for COVID-19",HEALTH
What Poetry Means for Doctors and Patients During a Pandemic,HEALTH
7 Reasons why you should include Rosemary in your diet,HEALTH
Coronavirus: All area cases declared resolved by Peterborough Public Health,HEALTH
I Have a Vaccine Injury — And I'm Ready for Another,HEALTH
Fauci Says Coronavirus Temperature Checks ‘Notoriously Inaccurate’,HEALTH
COVID-19 may have already peaked – SA Medical Research Council,HEALTH
"BCG Vaccine Safe, Does Not Lead to Increased Risk of Covid-19 Symptoms, Scientists Say",HEALTH
"Lung Cancer: Symptoms, Causes, Stages, Treatment and more",HEALTH
"NSW records three new COVID-19 cases, the lowest daily total in weeks",HEALTH
"Top in cardiology: NSAIDs after MI, bariatric surgery and CV events",HEALTH
Pyrolysis GC-MS Method Identified Plastics in All Seafood Samples,HEALTH
"'US May Be in For Its Worst Fall': As Death Toll Hits 1,70,000, Upcoming Flu Season Causes Panic",HEALTH
High blood pressure: The nutty snack that could help regulate your blood pressure reading,HEALTH
Has Covid-19 destroyed your libido?,HEALTH
Are you making the most of the Government’s improved Covid-Tracer App?,HEALTH
Investigation into Diavik shows no indication of risk of COVID-19 to NWT communities,HEALTH
SA's Covid-19 death toll could now reach 31 000 by December,HEALTH
There’s a new mutation of coronavirus — and it’s 10 times worse: report,HEALTH
The study demonstrates new treatment for prion diseases,HEALTH
Coronavirus: No additional deaths in State but 68 new cases,HEALTH
Spitting in public places can increase COVID-19 transmission,HEALTH
"3,800 exemption cards have been issued in wake of Edmonton face mask bylaw",NATION
Joburg and Tshwane metros get R4.5 billion loan,NATION
"'Rawlings had no plan, strategy on how to materially develop Ghana' - Prof. Ahwoi",NATION
How much do you need to buy your first home in Singapore?,NATION
Namibia: Law Society Council Under Fire Over Namandje Probe,NATION
"Certified Merc body repairer agrees to price fixing charge, pays R750,000 fine",NATION
Bank holiday Monday: Is today a bank holiday in the UK?,NATION
Ousted police union boss Mpho Kwinika reinstated - but denied access to his office,NATION
"MCA to field young candidates in Sabah election, says sec-gen",NATION
Coronavirus: Pakuranga College principal 'furious' after incorrect report of case,NATION
Li Shengwu does not admit guilt but will pay $15000 fine 'to buy some peace and quiet',NATION
PCs carry on with nominations in N.B. despite COVID-19 restrictions,NATION
"Why Daystar Christian Centre won’t reopen yet, by Sam Adeyemi",NATION
Port Macquarie attack: surfer saves wife by punching shark in the head,NATION
"Police justified in Tasering, pepper spraying man during Auckland arrest",NATION
Alleged sex trafficker denied bail,NATION
Deputy Garda Commissioner appoints external Superintendent to conduct report into alleged criminal damage at Dublin eviction,NATION
Essential poll: Victorians overwhelmingly support harsh restrictions to curb Covid second wave,NATION
Police Stop Marriage Of 12 Year Old,NATION
"As level 2 approaches, SA virus recovery rate at 80%",NATION
IDF weighs full gender integration of combat units as women sue to enlist,NATION
Chicago students to begin school year with all-remote classes,NATION
Country Liberals pre-election bail policy expands Giles government plan for 'bad youths',NATION
DOLE’s Bello rejects plan to ban smoking to preserve employment,NATION
Christchurch terror attacks sentencing: Expert urges foreign media to obey rules,NATION
"'Landing zone' for Brexit trade deal in sight, says Ireland's Taoiseach",NATION
Sask. gov't leaving it up to school boards to decide on masking,NATION
Parliament approves €65m for construction and rehabilitation of 3 bridges,NATION
Prophets Magaya and Makandiwa urged to speak against human rights abuses,NATION
Speed camera van is shunted through hedge while parking up to catch drivers going above 30mph limit,NATION
"Railways to end colonial-era khalasi system, says no to fresh appointments",NATION
Tennessee Republicans battle to fill Lamar Alexander's Senate seat,NATION
Victoria hotel quarantine inquiry: Covid training for security gave 'misleading' advice,NATION
"Red Deer doctor killed in clinic remembered as kind, funny, adored by patients",NATION
"Now is not the time for complacency, warns Ramaphosa ahead of level 2 lockdown",NATION
Nicola Sturgeon's SNP leadership branded 'utterly corrupt' by Scottish indy ref campaigner,NATION
Family yet to trace university girl who went missing 13 years ago,NATION
"As the Bengaluru Riots Probe Zeroes in on the SDPI, Here's What is Known About the 'Shadowy' Organisation",NATION
"Siksika hockey star killed over $20 pack of cigarettes, judge hears",NATION
Customer fights to have $1200 power bill axed due to sign-up mix-up,NATION
"Presidential Appointment: DSS Arrests Man Who Attempted $50,000 Fraud",NATION
'I got a call to say he just stopped breathing' - Bob Mabena's last moments,NATION
Covid-19: MCCY to consider putting 5 Taoist temples on pilot scheme to allow more people to pray,NATION
"PM Imran meets UNGA president-elect, urges UN to play its role in Indian occupied Kashmir",NATION
Ruth Davidson confirms she is 'absolutely not' joining Boris Johnson's Cabinet...for now,NATION
Suspect linked to Mthwalume murders commits suicide,NATION
"Tanzania plans to employ 12,000 teachers | English.news.cn",NATION
Covid 19 coronavirus: Warning to Waiheke Island day trippers - 'I'll see you at the wharf with my pitchfork',NATION
Dunedin girls' home rapist Edward Anand denied parole,NATION
DepEd moves opening of classes to October 5,NATION
This Week in Science,SCIENCE
Experimental Results Reveal Disintegration of Higgs Boson into Muons,SCIENCE
New Findings Throw Cold Water on Ancient Mars Hypothesis,SCIENCE
Dwarf Planet Ceres Has a Secret Saltwater Ocean,SCIENCE
NASA’s tiny Ingenuity Mars helicopter hits first space milestone,SCIENCE
Betelgeuse may be ready to go supernova,SCIENCE
"Here's why NASA may change 'insensitive', 'unofficial' nicknames given to cosmic objects",SCIENCE
Celebrate Mars Reconnaissance Orbiter’s 15th birthday with these views of Mars,SCIENCE
Researchers are about to take a look at a mysterious 'blue hole' in the ocean – BGR,SCIENCE
Can Lava Tubes on the Moon and Mars Become Our New Home?,SCIENCE
"Our solar system looks like a deflated croissant, reveals NASA",SCIENCE
"NASA to remove offensive names from planets, celestial bodies",SCIENCE
An age-old food: Study examines the microbiology of cheese,SCIENCE
Odd immune system lets anglerfishes fuse males to females,SCIENCE
NASA-backed mobile gravity suit helps astronauts fight health hazards of zero-gravity space flight,SCIENCE
Perseid meteor to light up Britain’s skies with shooting stars this week,SCIENCE
Stellar pulsations distribute key ingredient for life,SCIENCE
"SpaceX Crew-1 mission with NASA, first fully operational crewed mission to space to launch in October",SCIENCE
4-Vinylanisole is an aggregation pheromone in locusts,SCIENCE
A Pair of Canadian Ice Caps Has Disappeared Entirely,SCIENCE
Scientists Say We Need to Save The World's Parasites Before We Lose Them Forever,SCIENCE
Lost dog miraculously found living in a sea cave 3 months after disappearing,SCIENCE
Hubble telescope uses the Moon as a mirror to study Earth,SCIENCE
NASA to stop using racist nicknames for cosmic objects,SCIENCE
Asteroids passing extremely close to Earth more common than you think - expert,SCIENCE
Rare ‘Boomerang’ Earthquake Tracked by Scientists in the Ocean for the First Time,SCIENCE
"Perseid Meteor Shower is Expected to Peak on August 11 and 12, Here’s How You Can Watch This Astrono ...",SCIENCE
'It came alive:' Astronauts recount wild ride home on SpaceX's Crew Dragon,SCIENCE
"Astronomers kill all the fun, blame dust for Betelgeuse’s dimming",SCIENCE
The Majestic Valleys of Mars May Not Have Been Carved by Rivers After All,SCIENCE
"This is the End: Universe Will Die in Last Black Dwarf Supernova, Study Claims",SCIENCE
3D printing in space: astronaut Sabrina Kerber returns from 'Mars',SCIENCE
Exoplanet-hunter TESS completes its primary mission,SCIENCE
These are the coronavirus rates in every part of Scotland,SCIENCE
Doctors diagnose advanced cancer—in a dinosaur,SCIENCE
NASA Goes Woke: Bye Bye 'Eskimo Nebula' & 'Siamese Twins Galaxy',SCIENCE
Weird ‘boomerang’ earthquake detected under the Atlantic Ocean,SCIENCE
How to watch the Perseid meteor shower in Metro Vancouver,SCIENCE
WATCH! NASA-Monitored 'Asteroid Tsunami' Could Possibly 'Send 400 Feet Waves' in the US Co,SCIENCE
Connections with friends and family are key to climate adaptation,SCIENCE
Half-a-billion-year-old fossil has the same eye as modern-day bees,SCIENCE
"By 2032, space scientists may be able to study a piece of Mars in their laboratories",SCIENCE
Cutting-Edge Research Shows How Hair Dulls Razor Blades,SCIENCE
Liquid crystals that can replace color shifting ink in preventing counterfeiting,SCIENCE
Sols 2844-2845: SAM is Baking to Celebrate 8 Years on Mars,SCIENCE
Thousands of Earthlike 'blanets' might circle the Milky Way's central black hole,SCIENCE
"Cremation in the Middle-East Dates as Far Back as 7,000 B.C.",SCIENCE
"Scientists Discover Simple Innovation to Make Quantum States Last 10,000 Times Longer",SCIENCE
This is when and how the universe is expected to end,SCIENCE
'Terror crocodile' the size of a London bus had teeth as big as bananas,SCIENCE
Reading FC transfer target heads to Royals' new Championship rivals Norwich City,SPORTS
ECHL announces revised start date to 2020-21 Season,SPORTS
NBA’s Success With Stopping Coronavirus Puts America To Shame,SPORTS
Pirlo named new Juventus head coach,SPORTS
"Chelsea transfer news LIVE: Willian ‘agrees’ Arsenal contract, Tottenham enter Benrahma race, Blues plan £60m",SPORTS
Bale left out by Zidane for Man City test,SPORTS
NBA Playoffs: Does size still matter? Steven Adams' big mission against Houston Rockets,SPORTS
"7am Arsenal transfer news LIVE: Wilian LATEST, Aubameyang contract UPDATES, £30m Ainsley Maitland-Niles up",SPORTS
FC Dallas reveal Cannon received death threats after calling out booing fans,SPORTS
Sheffield Wednesday to appeal against points deduction,SPORTS
Reef rumble: Mike Tyson puts deadly shark to sleep in harrowing video,SPORTS
"Video: LeBron James, Anthony Davis, J.R. Smith, Quinn Cook Seen Putting in Work After Loss to Pacers",SPORTS
Report: Mauricio Pellegrini wants to sign out-of-favour Southampton attacker,SPORTS
"AFL 2020: Players reunited with families in heartwarming photos, video",SPORTS
Pundit Exclusive: Everton may be about to sell big fans favourite,SPORTS
AFL 2020 round 12: Melbourne v Collingwood – live!,SPORTS
Atlético Madrid Group Members Test Positive for Virus,SPORTS
"Thomas Partey to Arsenal: Atletico Madrid ultimatum, transfer conditions, Raul Sanllehi plan",SPORTS
Jordan Ayew and Kudus get special compliments from Ghana FA boss Okraku,SPORTS
Matt Welsh's Ballarat Synthetic tips | RACING.COM,SPORTS
Juventus and Lyon line up for Champions League last-16 battle after polar opposite fixture schedules,SPORTS
Man City will have to plan without Sergio Aguero for Champions League knockout tournament,SPORTS
Moos explains why Big Ten teams couldn't play games on their own,SPORTS
Super Rugby Aotearoa: Crusaders coach Scott Robertson admits team failed to respect Tū Kōtahi Aotearoa trophy,SPORTS
VanVleet maintains hot hand in win over Magic as Raptors stay perfect since restart,SPORTS
Fabian Allen ruled out of Caribbean Premier League after missing flight | ESPNcricinfo.com,SPORTS
NHL announces start times for Stanley Cup Playoff games for Aug. 18,SPORTS
Arsenal hijack Man Utd move as £27m star opts to join Gunners,SPORTS
Caris Levert Named to NBA All-Seeding Games Second Team,SPORTS
GARRIOCH: The New York Rangers will likely listen to offers on their No. 1 pick in the NHL draft,SPORTS
Jadon Sancho travels with Borussia Dortmund to Bag Ragaz for pre-season,SPORTS
Sri Lanka turn to former international Lanka de Silva to lead women's team until end of 2020,SPORTS
"As Celtics grow closer, the possibilities grow larger",SPORTS
"Ben Chilwell to Chelsea: Blues make key decision, Instagram hint, Chilwell's transfer demand",SPORTS
Cameroon’s Italia 90 World Cup team to get promised houses,SPORTS
Eugenie Bouchard opens restart with straight-sets upset of No. 8 seed Kudermetova,SPORTS
"Dallas, Vegas NHL players kneel during anthems as protests gain momentum",SPORTS
Welcome to the playoffs: The NBA’s best time of year is here,SPORTS
Champions League: Which teams are in the 'final eight' tournament?,SPORTS
Premier League wish lists: How the Big Six like Man United should spend in the transfer window,SPORTS
Who has played their last game as a Maple Leaf?,SPORTS
Hamilton on Vettel: Not great knowing you're not wanted,SPORTS
1st Test: Stokes gives England hope after Yasir shines for Pakistan,SPORTS
What Brentford have said amid Aston Villa and Leeds United interest in Ollie Watkins,SPORTS
Europa League 2019/20 on TV: How to watch every fixture by date and kick-off time,SPORTS
Mark Geyer's six signings to end Tigers' historic finals drought,SPORTS
AFL 2020: Dave Hughes slams confusing holding the ball rule,SPORTS
Out of Exile: Moeen Ali hails 'amazing' Pakistan Super League experience,SPORTS
Heat's Derrick Jones Jr. (neck strain) 'moving better' after being carted off court after collision,SPORTS
NBA Increasing Security In Orlando Following Social Media Back And Fourths Between Players,SPORTS
"McLaren Senna Was Sensational, But Novitec Made It Even Better",TECHNOLOGY
This tool could protect your photos from facial recognition,TECHNOLOGY
Vivo Y30 Launching in the Kenyan Market Soon,TECHNOLOGY
"Samsung Galaxy A42 appears, could have Snapdragon 690",TECHNOLOGY
Galaxy Note 20 Ultra 5G unboxing,TECHNOLOGY
"Apple readies subscription bundles to boost services, according to Bloomberg News",TECHNOLOGY
iPhone 12 leak reveals killer upgrade to beat Galaxy Note 20,TECHNOLOGY
"‘The Wonderful 101’ director, producer express concern over possible sequel",TECHNOLOGY
Birmingham Council 'late' over outdoor seating pleas,TECHNOLOGY
"Call Of Duty Modern Warfare & Warzone Season 5: Open Stadium, Loot Train, and More",TECHNOLOGY
The Dark Sky Android App Is Officially Kaput,TECHNOLOGY
"After Jio, Google sets sights on stake in Policybazaar, might spend $150 million for 10%",TECHNOLOGY
Samsung releases TV commercial for the world's first 5G tablets,TECHNOLOGY
Microsoft's new Flight Simulator was worth the wait,TECHNOLOGY
"""Avengers"" hit AMD: Intel confirms the launch of special processors with Marvel",TECHNOLOGY
Covid-19 tracking apps and the behavioural battle between health and privacy,TECHNOLOGY
The Xbox Series X Is Just As Quiet As The Xbox One X,TECHNOLOGY
Halo Infinite will have free-to-play multiplayer with 120FPS support,TECHNOLOGY
"Fall Guys PS4 Patch 1.05 Available Now, Adds New Round and Lots of Bug Fixes",TECHNOLOGY
Collaboration key to producing world-class African films — Kunle Afolayan,TECHNOLOGY
Release of next Halo video game pushed back to 2021,TECHNOLOGY
Fall Guys is giving out a legendary costume and Kudos as an apology gift,TECHNOLOGY
Suicide Squad: Kill The Justice League And WB Montreal's Game Being Revealed At DC FanDome,TECHNOLOGY
Is SpaceX Turning Its Texas Launch Site Into a Themed Luxury Resort?,TECHNOLOGY
Black PS5 controller appears in unverified images,TECHNOLOGY
Adobe plans to preview its system of flagging 'photoshopped' images later this year,TECHNOLOGY
AD: Back by popular demand - get the Audi Q3 and A5 Sportback at interest rates as low as 0% this August,TECHNOLOGY
Cyberpunk 2077 has three “lifepath” backstories for your character,TECHNOLOGY
Comment: What’s the best email app for the Mac (Updated for 2020),TECHNOLOGY
Consumers flock to VPNs as governments consider TikTok bans,TECHNOLOGY
League of Legends Patch 10.16: Full notes and updates,TECHNOLOGY
Is Fall Guys free on PS4 and PC? Here’s when it’ll leave PS Plus,TECHNOLOGY
Cyberpunk 2077 Night City Wire Episode 3 Coming Soon,TECHNOLOGY
Flamengo set to renew Pro Evolution Soccer agreement,TECHNOLOGY
"Now, make your virtual visiting card on Google Search",TECHNOLOGY
Destiny 2's Solstice Of Heroes Event Kicks Off Next Week With New Gear,TECHNOLOGY
Why iPhone’s next OS update may bring ‘bad news’ for Facebook,TECHNOLOGY
"Gboard adds 3 new suggestions: Smart replies, GIF search, and stickers",TECHNOLOGY
Surviving the Virus: My Brother and Me review – a rigorous dispatch from the Covid frontline,TECHNOLOGY
"Plastics maker Covestro's profit bolstered by electronics, furniture",TECHNOLOGY
"Fortnite Chapter 2 Season 4: Can I Play Fortnite On Mobile? Rumors, News and More!",TECHNOLOGY
"Top Take-Aways From Intel Architecture Day 2020: SuperFin, Tiger Lake And Xe For The Win",TECHNOLOGY
Today’s Amazon Quiz Answers – 16th Aug 2020,TECHNOLOGY
"Adjust the lights, the weight, and more with Logitech's G502 wireless mouse on sale for $120",TECHNOLOGY
2020 iMac vs 2019 iMac: New vs Old,TECHNOLOGY
"*BREAKING* GTA Online Summer Update ANNOUNCED - Release Date, Content, Heists & more",TECHNOLOGY
Microsoft Celebrates Over 2000 Indie Titles on Xbox,TECHNOLOGY
Pixel inventor Russell Kirsch dead at 91,TECHNOLOGY
Best Pre-Built Gaming PCs for Microsoft Flight Simulator in 2020,TECHNOLOGY
"Today's lottery news: the Poker Lotto numbers and results for Saturday August 15, 2020 are here...",TECHNOLOGY
US government slow to act as anti-vaxxers spread lies on social media about coronavirus vaccine,WORLD
Rwandan Broadcaster Who Incited Violence Found,WORLD
Global coronavirus cases surpasses 18 million,WORLD
"Joe Biden reacts to death of Donald Trump’s younger brother, Robert",WORLD
IHC forms larger bench in Kulbhushan Yadav case hearing,WORLD
US surpasses 5 million cases as Trump's coronavirus relief package draws criticism,WORLD
Fujifilm Unit to Make COVID-19 Vaccine Candidate in Britain,WORLD
Returning Brits begin quarantine as second virus wave threatens Europe,WORLD
Netanyahu focus of Israeli protests against 'the king',WORLD
Why are there protests against Thailand’s king?,WORLD
"To Corbyn's dismay, the story of the US-UK dossier has mostly been its origin",WORLD
"What We Know About the Explosions in Beirut, Lebanon: Live Updates",WORLD
"How the Beirut blast compared with similar explosions in Texas, China and France",WORLD
Ghislaine Maxwell's complaint about treatment in jail rejected by prosecutors,WORLD
FBI heads to Beirut to help investigation of massive chemical blast,WORLD
Worried Brits scramble to delay Greece holidays over UK quarantine fears but some insist ‘it’s safer than Eng,WORLD
Sen. Cotton: Susan Rice Was 'Typhoid Mary' of Obama Foreign Policy,WORLD
PM condemns UN for letting Iran arms embargo expire,WORLD
A stricken ship is leaking tonnes of fuel into the 'pristine lagoons' of the Indian Ocean,WORLD
Army investigating after IDF missile fired at Gaza lands by kibbutz cowshed,WORLD
Kamala Harris Once Asked Chennai Aunt To Break Coconuts For Luck: Report,WORLD
85% Work On Kailash Mansarovar Route Completed: Nitin Gadkari,WORLD
US military helicopter struck by bullet over Virginia,WORLD
Spain Overtakes Britain for Most COVID-19 Cases in Europe,WORLD
What fully-online learning will look like for Ontario students who stay home this fall,WORLD
Death toll tops 150 as rescuers plough through Beirut debris,WORLD
Newly released video show onlookers' reaction to George Floyd's death,WORLD
"COVID-19 rapid needs assessment of older people, Gambella, Ethiopia – August 2020 - Ethiopia",WORLD
Murder investigation launched into death of Patrycja Wyrebek (20) in Newry,WORLD
Germans push to hold police accountable after global George Floyd protests,WORLD
List 2/4 of sports events affected by coronavirus pandemic,WORLD
"Dubai Crown Prince Doesn't Use Car After Birds Build Nest On It, He Didn't Want To Disturb Them",WORLD
How Russia jumped ahead of the pack on Covid-19 vaccine,WORLD
Lebanon security situation to delay help for stranded Kenyans,WORLD
"Coronavirus vaccine candidate induces immune response, trial results indicate",WORLD
WHO keen to review Russian vaccine trials,WORLD
Nora Anne mystery revisited,WORLD
Infections in healthcare workers make up almost a third of Victoria's new coronavirus cases,WORLD
"The rich defy corona, scramble for new Land Rover Defender",WORLD
Eleven die in fire in Czech Republic tower block,WORLD
"How to prevent the looming sovereign debt crisis | VOX, CEPR Policy Portal",WORLD
UAE denies placing travel ban on Nigerians,WORLD
Liberia: Test Scandal Busted At NPHIL,WORLD
"Amaechi, Malami correct NASS on sovereign immunity",WORLD
Video shows prison inmate saying 'I can't breathe' as officers restrain him before he dies,WORLD
Virtual school: pros and cons,WORLD
Bolivia cancels school year for 2 million children due to Covid-19,WORLD
Hong Kong media mogul Jimmy Lai arrested under security law,WORLD
"Agreement for Rashakai SEZ to be signed by August end, says Asim Bajwa",WORLD
Russia: 20 countries have ordered new 'Sputnik' vaccine,WORLD
